{"sections":{"text-with-icons":{"type":"text-with-icons","settings":{"background":"#f9f9f9","text_color":"#3a3a3a"}},"editorial_campaign_TPNEpp":{"type":"editorial-campaign","custom_css":[],"name":"Editorial Campaign","settings":{"image_desktop":"shopify:\/\/shop_images\/5.webp","image_mobile":"shopify:\/\/shop_images\/KIT_2_POLOS_R_99_90_CONFORTO_ESTILO.webp","url":"shopify:\/\/products\/kit-2-polos-masculinas-giorno-escolha-suas-cores","is_hero_banner":true}},"section_infinite_benefits_BBW6XK":{"type":"section-infinite-benefits","name":"Beneficios Infinitos","settings":{"background_color":"#000000","text_color":"#ffffff","section_padding":15,"section_padding_mobile":12,"scroll_speed":10,"pause_on_hover":"paused","item_spacing":150,"item_spacing_mobile":50,"icon_size":28,"icon_size_mobile":19,"icon_text_gap":5,"icon_text_gap_mobile":10,"font_size":13,"font_size_mobile":12,"font_weight":"400","text_transform":"uppercase","letter_spacing":0.5,"benefit_1_text":"FRETE GRÁTIS A PARTIR DE R$159.90","benefit_1_icon":"<svg viewbox=\"0 -64 640 640\" xmlns=\"http:\/\/www.w3.org\/2000\/svg\">\n  <path d=\"M624 352h-16V243.9c0-12.7-5.1-24.9-14.1-33.9L494 110.1c-9-9-21.2-14.1-33.9-14.1H416V48c0-26.5-21.5-48-48-48H112C85.5 0 64 21.5 64 48v48H8c-4.4 0-8 3.6-8 8v16c0 4.4 3.6 8 8 8h272c4.4 0 8 3.6 8 8v16c0 4.4-3.6 8-8 8H40c-4.4 0-8 3.6-8 8v16c0 4.4 3.6 8 8 8h208c4.4 0 8 3.6 8 8v16c0 4.4-3.6 8-8 8H8c-4.4 0-8 3.6-8 8v16c0 4.4 3.6 8 8 8h208c4.4 0 8 3.6 8 8v16c0 4.4-3.6 8-8 8H64v128c0 53 43 96 96 96s96-43 96-96h128c0 53 43 96 96 96s96-43 96-96h48c8.8 0 16-7.2 16-16v-32c0-8.8-7.2-16-16-16zM160 464c-26.5 0-48-21.5-48-48s21.5-48 48-48 48 21.5 48 48-21.5 48-48 48zm320 0c-26.5 0-48-21.5-48-48s21.5-48 48-48 48 21.5 48 48-21.5 48-48 48zm80-208H416V144h44.1l99.9 99.9V256z\"><\/path>\n<\/svg>","benefit_2_text":"5% OFF NO PIX","benefit_2_icon":"<svg viewbox=\"0 0 16 16\" xmlns=\"http:\/\/www.w3.org\/2000\/svg\">\n  <path d=\"M11.917 11.71a2.046 2.046 0 0 1-1.454-.602l-2.1-2.1a.4.4 0 0 0-.551 0l-2.108 2.108a2.044 2.044 0 0 1-1.454.602h-.414l2.66 2.66c.83.83 2.177.83 3.007 0l2.667-2.668h-.253zM4.25 4.282c.55 0 1.066.214 1.454.602l2.108 2.108a.39.39 0 0 0 .552 0l2.1-2.1a2.044 2.044 0 0 1 1.453-.602h.253L9.503 1.623a2.127 2.127 0 0 0-3.007 0l-2.66 2.66h.414z\"><\/path>\n  <path d=\"m14.377 6.496-1.612-1.612a.307.307 0 0 1-.114.023h-.733c-.379 0-.75.154-1.017.422l-2.1 2.1a1.005 1.005 0 0 1-1.425 0L5.268 5.32a1.448 1.448 0 0 0-1.018-.422h-.9a.306.306 0 0 1-.109-.021L1.623 6.496c-.83.83-.83 2.177 0 3.008l1.618 1.618a.305.305 0 0 1 .108-.022h.901c.38 0 .75-.153 1.018-.421L7.375 8.57a1.034 1.034 0 0 1 1.426 0l2.1 2.1c.267.268.638.421 1.017.421h.733c.04 0 .079.01.114.024l1.612-1.612c.83-.83.83-2.178 0-3.008z\"><\/path>\n<\/svg>","benefit_3_text":"TROCA RÁPIDA E GRÁTIS","benefit_3_icon":"<svg viewbox=\"0 0 32 32\" version=\"1.1\" xmlns=\"http:\/\/www.w3.org\/2000\/svg\">\n  <g id=\"SVGRepo_iconCarrier\">\n    <title>return<\/title>\n    <path d=\"M0 21.984q0.032-0.8 0.608-1.376l4-4q0.448-0.48 1.056-0.576t1.12 0.128 0.864 0.736 0.352 1.12v1.984h18.016q0.8 0 1.408-0.576t0.576-1.408v-8q0-0.832-0.576-1.408t-1.408-0.608h-16q-0.736 0-1.248-0.416t-0.64-0.992 0-1.152 0.64-1.024 1.248-0.416h16q2.464 0 4.224 1.76t1.76 4.256v8q0 2.496-1.76 4.224t-4.224 1.76h-18.016v2.016q0 0.64-0.352 1.152t-0.896 0.704-1.12 0.096-1.024-0.544l-4-4q-0.640-0.608-0.608-1.44z\"><\/path>\n  <\/g>\n<\/svg>","benefit_4_text":"","benefit_4_icon":"","benefit_5_text":"","benefit_5_icon":""}},"product_variations_hprdcB":{"type":"product-variations","name":"Produtos em Destaque","settings":{"title":"Giorno Origine","subtitle":"Uma peça, diversas cores. Escolha a Polo masculina que mais combina com o seu gosto.","collection":"polos","show_badge":false,"badge_text":"Esquenta Black Friday","badge_bg_color":"#000000","badge_text_color":"#ffffff","show_rating":true,"show_colors":true}},"editorial_campaign_UtRxVT":{"type":"editorial-campaign","name":"Editorial Campaign","settings":{"image_desktop":"shopify:\/\/shop_images\/5.webp","image_mobile":"shopify:\/\/shop_images\/KIT_2_POLOS_R_99_90_CONFORTO_ESTILO.webp","url":"shopify:\/\/products\/kit-2-polos-masculinas-giorno-escolha-suas-cores","is_hero_banner":false}},"faq_rXAaJU":{"type":"faq","blocks":{"faq_item_mJQRCN":{"type":"faq_item","settings":{"question":"Como posso acompanhar meu pedido?","answer":"<p>Após a confirmação do pagamento, você receberá um email com o código de rastreamento para acompanhar sua entrega em tempo real.<\/p>"}},"faq_item_PDPeNb":{"type":"faq_item","settings":{"question":"Qual é o prazo de entrega?","answer":"<p>O prazo de entrega varia de acordo com sua localização:<\/p><ul><li>Região Sudeste: 1-3 dias úteis<\/li><li>Região Sul: 1-3 dias úteis<\/li><li>Demais regiões: 3-5 dias úteis<\/li><\/ul>"}},"faq_item_PNAbaR":{"type":"faq_item","settings":{"question":"Vocês fazem entrega internacional?","answer":"<p>Atualmente realizamos entregas apenas no território nacional. Estamos trabalhando para expandir nossos serviços internacionalmente em breve.<\/p>"}},"faq_item_btz886":{"type":"faq_item","settings":{"question":"Como entrar em contato com o suporte?","answer":"<p>Você pode nos contatar através de:<\/p><ul><li>Email: suporte@giorno.com.br<\/li><li>WhatsApp: (11) 96970-0152<\/li><\/ul><p>Horário de atendimento: Segunda a sexta, das 10h às 19h.<\/p>"}}},"block_order":["faq_item_mJQRCN","faq_item_PDPeNb","faq_item_PNAbaR","faq_item_btz886"],"name":"FAQ","settings":{"title":"Perguntas Frequentes","subtitle":"<p>Encontre respostas para as dúvidas mais comuns sobre nossos produtos e serviços.<\/p>","allow_multiple_open":false,"open_first_item":false,"container_width":1400,"section_padding_top":10,"section_padding_bottom":20,"background_color":"#ffffff","title_color":"#000000","subtitle_color":"#666666","question_color":"#000000","question_hover_color":"#1d1d1d","answer_color":"#333333","border_color":"#e0e0e0","icon_color":"#666666"}}},"order":["text-with-icons","editorial_campaign_TPNEpp","section_infinite_benefits_BBW6XK","product_variations_hprdcB","editorial_campaign_UtRxVT","faq_rXAaJU"]}