{"sections":{"main":{"type":"main-product","blocks":{"variant_picker":{"type":"variant_picker","settings":{"hide_sold_out_variants":true,"selector_mode":"dropdown","color_mode":"color","size_chart_page":"contato-teste"}},"liquid_YFhM9i":{"type":"liquid","name":"Liquid personalizado tabela","settings":{"liquid":"{% comment %}\n  Tabela de Medidas Customizada - OTIMIZADA\n  Agora com lazy loading inteligente\n{% endcomment %}\n\n{% if product.metafields.custom.imagem_tabela_medidas != blank or product.metafields.custom.tabela_medidas != blank %}\n<div class=\"size-guide-wrapper\" style=\"margin: 10px 0;\">\n  \n  {%- comment -%} Botão para abrir o modal {%- endcomment -%}\n  <button type=\"button\" class=\"size-guide-button\" onclick=\"openSizeGuide()\" style=\"\n    background-color: #c9c9c9;\n    color: #242424;\n    border: 1px solid #d1d5db;\n    padding: 6px 12px;\n    cursor: pointer;\n    font-size: 12px;\n    font-weight: 500;\n    display: inline-flex;\n    align-items: center;\n    justify-content: center;\n    gap: 6px;\n    transition: all 0.2s;\n    border-radius: 5px;\n  \">\n    <svg width=\"16\" height=\"16\" viewBox=\"0 0 512 512\" fill=\"currentColor\">\n      <path d=\"M506.663,405.366c-3.461-6.338-8.574-11.877-15.002-15.908L261.733,245.175v-20.395\n\t\tc-0.004-0.702,0.333-1.336,0.836-1.784c2.056-0.18,4.778-0.508,7.98-1.135c6.559-1.299,15.178-3.688,23.833-9.272\n\t\tc12.695-8.256,23.217-19.498,30.597-32.787c7.375-13.288,11.586-28.652,11.582-44.859c0.008-25.501-10.392-48.756-27.106-65.456\n\t\tc-16.693-16.714-39.947-27.099-65.44-27.099c-19.108,0-37.013,5.83-51.765,15.812c-14.759,9.98-26.464,24.075-33.508,40.708\n\t\tc-3.811,9.011,0.411,19.41,9.421,23.224c9.014,3.808,19.417-0.403,23.225-9.413c4.322-10.228,11.59-18.984,20.712-25.144\n\t\tc9.13-6.158,20.026-9.742,31.914-9.742c15.815,0,29.984,6.36,40.376,16.73c10.362,10.384,16.718,24.553,16.722,40.38\n\t\tc-0.004,10.093-2.58,19.447-7.126,27.651c-4.547,8.19-11.079,15.178-18.917,20.269c-3.054,2.038-7.6,3.531-11.274,4.217\n\t\tc-1.828,0.351-3.415,0.538-4.449,0.62c-0.522,0.052-0.9,0.075-1.097,0.082h-0.105l-2.404,0.03l-2.359,0.702\n\t\tc-16.065,4.756-27.091,19.507-27.095,36.267v20.94L18.578,390.622l0.004-0.014C6.716,398.886-0.011,412.301,0,426.217\n\t\tc0,4.344,0.658,8.742,2.001,13.004c5.684,18.096,22.444,30.391,41.399,30.391h425.197c19.35,0,36.352-12.803,41.708-31.399v-0.008\n\t\tc1.132-3.964,1.695-8.003,1.695-11.989C512,418.863,510.13,411.711,506.663,405.366z M476.242,428.426v-0.008\n\t\tc-0.978,3.397-4.102,5.756-7.644,5.756H43.4c-3.475,0-6.548-2.27-7.585-5.569c-0.258-0.806-0.369-1.605-0.369-2.389\n\t\tc0.007-2.553,1.224-5.017,3.4-6.525h0.008L244.53,276.224l228.292,143.251c1.206,0.762,2.102,1.747,2.748,2.912\n\t\tc0.642,1.164,0.989,2.486,0.989,3.83C476.559,426.941,476.454,427.665,476.242,428.426z\"\/>\n    <\/svg>\n    Guia de Tamanhos\n  <\/button>\n\n  {%- comment -%} Modal com a tabela {%- endcomment -%}\n  <div id=\"sizeGuideModal\" class=\"size-guide-modal\" style=\"\n    display: none;\n    position: fixed;\n    z-index: 9999;\n    left: 0;\n    top: 0;\n    width: 100%;\n    height: 100%;\n    background-color: rgba(0,0,0,0.5);\n    animation: fadeIn 0.3s;\n  \">\n    <div class=\"size-guide-content\" style=\"\n      background-color: #fff;\n      margin: 5% auto;\n      padding: 30px;\n      border-radius: 8px;\n      width: 90%;\n      max-width: 800px;\n      max-height: 80vh;\n      overflow-y: auto;\n      position: relative;\n      animation: slideDown 0.3s;\n    \">\n      \n      {%- comment -%} Botão fechar {%- endcomment -%}\n      <button onclick=\"closeSizeGuide()\" style=\"\n        position: absolute;\n        right: 20px;\n        top: 20px;\n        background: none;\n        border: none;\n        font-size: 28px;\n        cursor: pointer;\n        color: #666;\n        line-height: 1;\n      \">&times;<\/button>\n      \n      {%- comment -%} Título {%- endcomment -%}\n      <h2 style=\"margin-top: 0; margin-bottom: 20px; font-size: 24px;\">\n        Guia de Tamanhos\n      <\/h2>\n      \n      {%- comment -%} Descrição (opcional) {%- endcomment -%}\n      {% if product.metafields.custom.tabela_descricao != blank %}\n      <p style=\"color: #666; margin-bottom: 25px; line-height: 1.6;\">\n        {{ product.metafields.custom.tabela_descricao }}\n      <\/p>\n      {% endif %}\n      \n      {%- comment -%} Tabela de medidas (HTML ou Imagem) - AGORA COM LAZY LOADING {%- endcomment -%}\n      <div style=\"overflow-x: auto;\">\n        {% if product.metafields.custom.imagem_tabela_medidas != blank %}\n          <img \n            id=\"sizeGuideImage\"\n            data-src=\"{{ product.metafields.custom.imagem_tabela_medidas | image_url: width: 800 }}\"\n            alt=\"Tabela de Medidas\" \n            loading=\"lazy\"\n            style=\"max-width: 100%; height: auto; margin: 0 auto; display: block; min-height: 200px; background: #f5f5f5;\">\n        {% elsif product.metafields.custom.tabela_medidas != blank %}\n          {{ product.metafields.custom.tabela_medidas }}\n        {% endif %}\n      <\/div>\n      \n      {%- comment -%} Dica de medição (opcional) {%- endcomment -%}\n      {% if product.metafields.custom.tabela_dica != blank %}\n      <div style=\"\n        margin-top: 25px;\n        padding: 15px;\n        background-color: #f8f8f8;\n        border-left: 4px solid #000;\n        border-radius: 4px;\n      \">\n        <strong style=\"display: block; margin-bottom: 8px;\">💡 Dica:<\/strong>\n        {{ product.metafields.custom.tabela_dica }}\n      <\/div>\n      {% endif %}\n      \n    <\/div>\n  <\/div>\n\n<\/div>\n\n{%- comment -%} Estilos e JavaScript {%- endcomment -%}\n<style>\n  .size-guide-button:hover {\n    background-color: #f3f4f6;\n    border-color: #9ca3af;\n    color: #1f2937;\n  }\n\n  @keyframes fadeIn {\n    from { opacity: 0; }\n    to { opacity: 1; }\n  }\n\n  @keyframes slideDown {\n    from { \n      transform: translateY(-50px);\n      opacity: 0;\n    }\n    to { \n      transform: translateY(0);\n      opacity: 1;\n    }\n  }\n\n  .size-guide-content table {\n    width: 100%;\n    border-collapse: collapse;\n    margin: 20px 0;\n  }\n\n  .size-guide-content table th,\n  .size-guide-content table td {\n    padding: 12px 15px;\n    text-align: left;\n    border: 1px solid #ddd;\n  }\n\n  .size-guide-content table th {\n    background-color: #f8f8f8;\n    font-weight: 600;\n    text-transform: uppercase;\n    font-size: 12px;\n    letter-spacing: 0.5px;\n  }\n\n  .size-guide-content table tr:hover {\n    background-color: #f9f9f9;\n  }\n\n  @media (max-width: 768px) {\n    .size-guide-content {\n      margin: 10% auto;\n      padding: 20px;\n      width: 95%;\n    }\n  }\n<\/style>\n\n<script>\n  let sizeGuideImageLoaded = false;\n\n  function openSizeGuide() {\n    const modal = document.getElementById('sizeGuideModal');\n    const img = document.getElementById('sizeGuideImage');\n    \n    \/\/ Carrega a imagem APENAS quando o modal abrir (primeira vez)\n    if (img && !sizeGuideImageLoaded) {\n      img.src = img.getAttribute('data-src');\n      sizeGuideImageLoaded = true;\n    }\n    \n    modal.style.display = 'block';\n    document.body.style.overflow = 'hidden';\n  }\n\n  function closeSizeGuide() {\n    document.getElementById('sizeGuideModal').style.display = 'none';\n    document.body.style.overflow = 'auto';\n  }\n\n  \/\/ Fechar ao clicar fora do modal\n  window.onclick = function(event) {\n    const modal = document.getElementById('sizeGuideModal');\n    if (event.target == modal) {\n      closeSizeGuide();\n    }\n  }\n\n  \/\/ Fechar com tecla ESC\n  document.addEventListener('keydown', function(event) {\n    if (event.key === 'Escape') {\n      closeSizeGuide();\n    }\n  });\n<\/script>\n\n{% endif %}"}},"buy_buttons":{"type":"buy_buttons","settings":{"show_payment_button":false,"atc_button_background":"rgba(0,0,0,0)","atc_button_text_color":"rgba(0,0,0,0)","buy_now_button_background":"rgba(0,0,0,0)","buy_now_button_text_color":"rgba(0,0,0,0)"}},"b03ccd22-2617-4a1d-ac48-e64ea4df469c":{"type":"button","settings":{"link":"","text":"","stretch":true,"background":"rgba(0,0,0,0)","text_color":"rgba(0,0,0,0)"}}},"block_order":["variant_picker","liquid_YFhM9i","buy_buttons","b03ccd22-2617-4a1d-ac48-e64ea4df469c"],"custom_css":[".label--highlight {display: none !important;}",".price--compare {text-decoration: line-through; opacity: 0.8; font-size: 21px; color: #212121;}",".product__media-list-wrapper[style*=\"max-width\"] {max-width: none !important; width: 100% !important;}",".product__media-image-wrapper {width: 100vw !important; margin-left: calc(-50vw + 50%) !important; border-radius: 0 !important;}","@media (min-width: 1000px) {.product__media-image-wrapper {width: 100% !important; margin-left: 0 !important; }}",".product-form__option-info {font-size: 14px;}"],"settings":{"show_progressbar":false,"show_exclusividade":false,"show_label3":false,"show_vendidos":false,"show_bandeirascart":true,"show_bandeiras1":false,"show_bandeiras2":false,"titulo_bandeiras":"FORMAS DE PAGAMENTO","show_visa_p":true,"show_master_p":false,"show_hiper_p":true,"show_elo_p":true,"show_amex_p":true,"show_discover_p":true,"show_pix_p":true,"show_boleto_p":true,"show_box1p":false,"box1p_line1":"<p>Pagamentos e informações estão seguros<\/p>","box1p_line2":"<p>Site oficial com <a href=\"\/policies\/privacy-policy\" title=\"Privacy Policy\">todos os direitos reservados<\/a><\/p>","show_box2p":false,"box2p_line1":"<p>Frete Grátis<\/p>","box2p_line2":"<p>Frete grátis disponível em pedidos<\/p>","box2p_line3":"<p>para todo o Brasil!<\/p>","show_box3p":true,"box3p_line1":"<p>Garantia de Satisfação<\/p>","box3p_line2":"<p>Estorno total em caso de arrependimento <\/p>","box3p_line3":"<p>em até 30 dias após o recebimento.<\/p>","show_buscacep":false,"show_vendor":false,"show_sku":false,"show_taxes_included":false,"show_product_rating":false,"show_sticky_add_to_cart":true,"show_share_buttons":false,"help_page":"","enable_video_autoplay":false,"enable_video_looping":true,"enable_image_zoom":true,"show_thumbnails_on_mobile":false,"desktop_thumbnails_position":"left","transition_effect":"slide"}},"product-content":{"type":"product-content","blocks":{"description":{"type":"description","settings":{}}},"block_order":["description"],"custom_css":[".text-container .h1,.rte h1 {margin-top: 5px !important;}",".rte img:not([style*=\"float\"]),.text-container img:not([style*=\"float\"]) {display: block; margin: 5px 0;}"],"settings":{}}},"order":["main","product-content"]}