{
  "sections": {
    "main": {
      "type": "main-product",
      "blocks": {
        "variant_picker": {
          "type": "variant_picker",
          "settings": {
            "hide_sold_out_variants": false,
            "selector_mode": "block",
            "color_mode": "color",
            "size_chart_page": ""
          }
        },
        "quantity_selector": {
          "type": "quantity_selector",
          "settings": {}
        },
        "buy_buttons": {
          "type": "buy_buttons",
          "settings": {
            "show_payment_button": true,
            "atc_button_background": "rgba(0,0,0,0)",
            "atc_button_text_color": "rgba(0,0,0,0)",
            "buy_now_button_background": "rgba(0,0,0,0)",
            "buy_now_button_text_color": "rgba(0,0,0,0)"
          }
        }
      },
      "block_order": [
        "variant_picker",
        "quantity_selector",
        "buy_buttons"
      ],
      "settings": {
        "show_vendor": false,
        "show_sku": false,
        "show_taxes_included": false,
        "show_product_rating": false,
        "show_sticky_add_to_cart": true,
        "show_share_buttons": false,
        "help_page": "",
        "enable_video_autoplay": true,
        "enable_video_looping": false,
        "enable_image_zoom": true,
        "show_thumbnails_on_mobile": false,
        "desktop_thumbnails_position": "bottom",
        "transition_effect": "slide"
      }
    },
    "product-content": {
      "type": "product-content",
      "blocks": {
        "description": {
          "type": "description",
          "settings": {}
        }
      },
      "block_order": [
        "description"
      ],
      "settings": {}
    },
    "product-recommendations": {
      "type": "product-recommendations",
      "settings": {
        "subheading": "",
        "title": "You may also like",
        "recommendations_count": 4,
        "background": "rgba(0,0,0,0)",
        "text_color": "rgba(0,0,0,0)"
      }
    }
  },
  "order": [
    "main",
    "product-content",
    "product-recommendations"
  ]
}
